{
  "groq_llama-3.3-70b-versatile_zeroshot": {
    "n": 952,
    "accuracy": 0.2804621848739496,
    "macro_f1": 0.26667257880520423,
    "within_1_accuracy": 0.6796218487394958,
    "mae_on_scale": 1.25,
    "extreme_macro_f1": 0.3314112337091342,
    "intermediate_macro_f1": 0.32735792703184924,
    "extreme_within_1_accuracy": 0.6109725685785536,
    "intermediate_within_1_accuracy": 0.7295825771324864,
    "per_label": {
      "True": {
        "precision": 0.29457364341085274,
        "recall": 0.2676056338028169,
        "f1": 0.28044280442804426,
        "support": 142.0
      },
      "Mostly-true": {
        "precision": 0.27540106951871657,
        "recall": 0.5282051282051282,
        "f1": 0.36203866432337434,
        "support": 195.0
      },
      "Half-true": {
        "precision": 0.21686746987951808,
        "recall": 0.09326424870466321,
        "f1": 0.13043478260869565,
        "support": 193.0
      },
      "Barely-true": {
        "precision": 0.25365853658536586,
        "recall": 0.31901840490797545,
        "f1": 0.2826086956521739,
        "support": 163.0
      },
      "False": {
        "precision": 0.3157894736842105,
        "recall": 0.22340425531914893,
        "f1": 0.2616822429906542,
        "support": 188.0
      },
      "Pants-fire": {
        "precision": 0.5,
        "recall": 0.19718309859154928,
        "f1": 0.2828282828282828,
        "support": 71.0
      }
    },
    "labels": [
      "True",
      "Mostly-true",
      "Half-true",
      "Barely-true",
      "False",
      "Pants-fire"
    ],
    "confusion_matrix": [
      [
        38,
        65,
        10,
        18,
        9,
        2
      ],
      [
        35,
        103,
        17,
        22,
        18,
        0
      ],
      [
        15,
        100,
        18,
        37,
        19,
        4
      ],
      [
        14,
        53,
        19,
        52,
        21,
        4
      ],
      [
        20,
        47,
        17,
        58,
        42,
        4
      ],
      [
        7,
        6,
        2,
        18,
        24,
        14
      ]
    ],
    "threeway": {
      "accuracy": 0.4737394957983193,
      "macro_f1": 0.4550379572118703,
      "per_bucket": {
        "true-leaning": {
          "precision": 0.47912524850894633,
          "recall": 0.7151335311572701,
          "f1": 0.5738095238095238,
          "support": 337.0
        },
        "mixed": {
          "precision": 0.4375,
          "recall": 0.3539325842696629,
          "f1": 0.391304347826087,
          "support": 356.0
        },
        "false-leaning": {
          "precision": 0.5217391304347826,
          "recall": 0.32432432432432434,
          "f1": 0.4,
          "support": 259.0
        }
      },
      "labels": [
        "true-leaning",
        "mixed",
        "false-leaning"
      ],
      "confusion_matrix": [
        [
          241,
          67,
          29
        ],
        [
          182,
          126,
          48
        ],
        [
          80,
          95,
          84
        ]
      ]
    }
  }
}