{
  "qwen14b_oracle_justification": {
    "n": 952,
    "accuracy": 0.4569327731092437,
    "macro_f1": 0.40547793170274654,
    "within_1_accuracy": 0.8550420168067226,
    "mae_on_scale": 0.7321428571428571,
    "extreme_macro_f1": 0.6179388177716897,
    "intermediate_macro_f1": 0.3624605132214935,
    "extreme_within_1_accuracy": 0.912718204488778,
    "intermediate_within_1_accuracy": 0.8130671506352087,
    "per_label": {
      "True": {
        "precision": 0.5343137254901961,
        "recall": 0.7676056338028169,
        "f1": 0.630057803468208,
        "support": 142.0
      },
      "Mostly-true": {
        "precision": 0.6428571428571429,
        "recall": 0.18461538461538463,
        "f1": 0.2868525896414343,
        "support": 195.0
      },
      "Half-true": {
        "precision": 0.44886363636363635,
        "recall": 0.40932642487046633,
        "f1": 0.4281842818428184,
        "support": 193.0
      },
      "Barely-true": {
        "precision": 0.3383458646616541,
        "recall": 0.27607361963190186,
        "f1": 0.30405405405405406,
        "support": 163.0
      },
      "False": {
        "precision": 0.4197860962566845,
        "recall": 0.8351063829787234,
        "f1": 0.5587188612099644,
        "support": 188.0
      },
      "Pants-fire": {
        "precision": 1.0,
        "recall": 0.1267605633802817,
        "f1": 0.225,
        "support": 71.0
      }
    },
    "labels": [
      "True",
      "Mostly-true",
      "Half-true",
      "Barely-true",
      "False",
      "Pants-fire"
    ],
    "confusion_matrix": [
      [
        109,
        10,
        12,
        2,
        9,
        0
      ],
      [
        75,
        36,
        49,
        19,
        16,
        0
      ],
      [
        18,
        6,
        79,
        44,
        46,
        0
      ],
      [
        2,
        2,
        27,
        45,
        87,
        0
      ],
      [
        0,
        1,
        8,
        22,
        157,
        0
      ],
      [
        0,
        1,
        1,
        1,
        59,
        9
      ]
    ],
    "threeway": {
      "accuracy": 0.6827731092436975,
      "macro_f1": 0.6859733359447869,
      "per_bucket": {
        "true-leaning": {
          "precision": 0.8846153846153846,
          "recall": 0.6824925816023739,
          "f1": 0.7705192629815746,
          "support": 337.0
        },
        "mixed": {
          "precision": 0.6310679611650486,
          "recall": 0.547752808988764,
          "f1": 0.5864661654135338,
          "support": 356.0
        },
        "false-leaning": {
          "precision": 0.587467362924282,
          "recall": 0.8687258687258688,
          "f1": 0.7009345794392523,
          "support": 259.0
        }
      },
      "labels": [
        "true-leaning",
        "mixed",
        "false-leaning"
      ],
      "confusion_matrix": [
        [
          230,
          82,
          25
        ],
        [
          28,
          195,
          133
        ],
        [
          2,
          32,
          225
        ]
      ]
    }
  }
}