{
  "qwen14b_zeroshot": {
    "n": 952,
    "accuracy": 0.27205882352941174,
    "macro_f1": 0.2388194103944171,
    "within_1_accuracy": 0.6754201680672269,
    "mae_on_scale": 1.2174369747899159,
    "extreme_macro_f1": 0.22365922963194684,
    "intermediate_macro_f1": 0.376639338141959,
    "extreme_within_1_accuracy": 0.571072319201995,
    "intermediate_within_1_accuracy": 0.7513611615245009,
    "per_label": {
      "True": {
        "precision": 0.37037037037037035,
        "recall": 0.07042253521126761,
        "f1": 0.11834319526627218,
        "support": 142.0
      },
      "Mostly-true": {
        "precision": 0.2920634920634921,
        "recall": 0.4717948717948718,
        "f1": 0.3607843137254902,
        "support": 195.0
      },
      "Half-true": {
        "precision": 0.23157894736842105,
        "recall": 0.11398963730569948,
        "f1": 0.1527777777777778,
        "support": 193.0
      },
      "Barely-true": {
        "precision": 0.23459715639810427,
        "recall": 0.6073619631901841,
        "f1": 0.3384615384615385,
        "support": 163.0
      },
      "False": {
        "precision": 0.43333333333333335,
        "recall": 0.06914893617021277,
        "f1": 0.11926605504587157,
        "support": 188.0
      },
      "Pants-fire": {
        "precision": 0.36507936507936506,
        "recall": 0.323943661971831,
        "f1": 0.34328358208955223,
        "support": 71.0
      }
    },
    "labels": [
      "True",
      "Mostly-true",
      "Half-true",
      "Barely-true",
      "False",
      "Pants-fire"
    ],
    "confusion_matrix": [
      [
        10,
        66,
        14,
        47,
        1,
        4
      ],
      [
        6,
        92,
        28,
        64,
        3,
        2
      ],
      [
        4,
        70,
        22,
        78,
        7,
        12
      ],
      [
        1,
        34,
        17,
        99,
        2,
        10
      ],
      [
        4,
        45,
        13,
        101,
        13,
        12
      ],
      [
        2,
        8,
        1,
        33,
        4,
        23
      ]
    ],
    "threeway": {
      "accuracy": 0.4642857142857143,
      "macro_f1": 0.4342727719016379,
      "per_bucket": {
        "true-leaning": {
          "precision": 0.5087719298245614,
          "recall": 0.516320474777448,
          "f1": 0.5125184094256259,
          "support": 337.0
        },
        "mixed": {
          "precision": 0.41779497098646035,
          "recall": 0.6067415730337079,
          "f1": 0.4948453608247423,
          "support": 356.0
        },
        "false-leaning": {
          "precision": 0.5591397849462365,
          "recall": 0.20077220077220076,
          "f1": 0.29545454545454547,
          "support": 259.0
        }
      },
      "labels": [
        "true-leaning",
        "mixed",
        "false-leaning"
      ],
      "confusion_matrix": [
        [
          174,
          153,
          10
        ],
        [
          109,
          216,
          31
        ],
        [
          59,
          148,
          52
        ]
      ]
    }
  }
}