{
  "arg_aware": {
    "n": 200,
    "accuracy": 0.295,
    "macro_f1": 0.28355579605579606,
    "within_1_accuracy": 0.615,
    "mae_on_scale": 1.375,
    "extreme_macro_f1": 0.44129948712385564,
    "intermediate_macro_f1": 0.2448717948717949,
    "extreme_within_1_accuracy": 0.76,
    "intermediate_within_1_accuracy": 0.47,
    "per_label": {
      "True": {
        "precision": 0.6666666666666666,
        "recall": 0.24242424242424243,
        "f1": 0.35555555555555557,
        "support": 33.0
      },
      "Mostly-true": {
        "precision": 0.4666666666666667,
        "recall": 0.21212121212121213,
        "f1": 0.2916666666666667,
        "support": 33.0
      },
      "Half-true": {
        "precision": 0.45454545454545453,
        "recall": 0.29411764705882354,
        "f1": 0.35714285714285715,
        "support": 34.0
      },
      "Barely-true": {
        "precision": 0.0,
        "recall": 0.0,
        "f1": 0.0,
        "support": 33.0
      },
      "False": {
        "precision": 0.1326530612244898,
        "recall": 0.38235294117647056,
        "f1": 0.19696969696969696,
        "support": 34.0
      },
      "Pants-fire": {
        "precision": 0.4117647058823529,
        "recall": 0.6363636363636364,
        "f1": 0.5,
        "support": 33.0
      }
    },
    "labels": [
      "True",
      "Mostly-true",
      "Half-true",
      "Barely-true",
      "False",
      "Pants-fire"
    ],
    "confusion_matrix": [
      [
        8,
        6,
        1,
        0,
        18,
        0
      ],
      [
        3,
        7,
        5,
        1,
        17,
        0
      ],
      [
        1,
        0,
        10,
        1,
        21,
        1
      ],
      [
        0,
        0,
        3,
        0,
        18,
        12
      ],
      [
        0,
        2,
        2,
        0,
        13,
        17
      ],
      [
        0,
        0,
        1,
        0,
        11,
        21
      ]
    ],
    "threeway": {
      "accuracy": 0.5,
      "macro_f1": 0.4659651380081488,
      "per_bucket": {
        "true-leaning": {
          "precision": 0.8888888888888888,
          "recall": 0.36363636363636365,
          "f1": 0.5161290322580645,
          "support": 66.0
        },
        "mixed": {
          "precision": 0.5833333333333334,
          "recall": 0.208955223880597,
          "f1": 0.3076923076923077,
          "support": 67.0
        },
        "false-leaning": {
          "precision": 0.4161073825503356,
          "recall": 0.9253731343283582,
          "f1": 0.5740740740740741,
          "support": 67.0
        }
      },
      "labels": [
        "true-leaning",
        "mixed",
        "false-leaning"
      ],
      "confusion_matrix": [
        [
          24,
          7,
          35
        ],
        [
          1,
          14,
          52
        ],
        [
          2,
          3,
          62
        ]
      ]
    }
  },
  "flat": {
    "n": 200,
    "accuracy": 0.175,
    "macro_f1": 0.07516087516087516,
    "within_1_accuracy": 0.485,
    "mae_on_scale": 1.825,
    "extreme_macro_f1": 0.22512185976752908,
    "intermediate_macro_f1": 0.0,
    "extreme_within_1_accuracy": 0.65,
    "intermediate_within_1_accuracy": 0.32,
    "per_label": {
      "True": {
        "precision": 0.5,
        "recall": 0.030303030303030304,
        "f1": 0.05714285714285714,
        "support": 33.0
      },
      "Mostly-true": {
        "precision": 0.0,
        "recall": 0.0,
        "f1": 0.0,
        "support": 33.0
      },
      "Half-true": {
        "precision": 0.0,
        "recall": 0.0,
        "f1": 0.0,
        "support": 34.0
      },
      "Barely-true": {
        "precision": 0.0,
        "recall": 0.0,
        "f1": 0.0,
        "support": 33.0
      },
      "False": {
        "precision": 0.16842105263157894,
        "recall": 0.9411764705882353,
        "f1": 0.2857142857142857,
        "support": 34.0
      },
      "Pants-fire": {
        "precision": 0.5,
        "recall": 0.06060606060606061,
        "f1": 0.10810810810810811,
        "support": 33.0
      }
    },
    "labels": [
      "True",
      "Mostly-true",
      "Half-true",
      "Barely-true",
      "False",
      "Pants-fire"
    ],
    "confusion_matrix": [
      [
        1,
        0,
        1,
        0,
        31,
        0
      ],
      [
        0,
        0,
        0,
        0,
        33,
        0
      ],
      [
        0,
        0,
        0,
        1,
        33,
        0
      ],
      [
        0,
        0,
        0,
        0,
        31,
        2
      ],
      [
        1,
        0,
        1,
        0,
        32,
        0
      ],
      [
        0,
        0,
        0,
        1,
        30,
        2
      ]
    ],
    "threeway": {
      "accuracy": 0.33,
      "macro_f1": 0.18266741157636224,
      "per_bucket": {
        "true-leaning": {
          "precision": 0.5,
          "recall": 0.015151515151515152,
          "f1": 0.029411764705882353,
          "support": 66.0
        },
        "mixed": {
          "precision": 0.25,
          "recall": 0.014925373134328358,
          "f1": 0.028169014084507043,
          "support": 67.0
        },
        "false-leaning": {
          "precision": 0.32989690721649484,
          "recall": 0.9552238805970149,
          "f1": 0.4904214559386973,
          "support": 67.0
        }
      },
      "labels": [
        "true-leaning",
        "mixed",
        "false-leaning"
      ],
      "confusion_matrix": [
        [
          1,
          1,
          64
        ],
        [
          0,
          1,
          66
        ],
        [
          1,
          2,
          64
        ]
      ]
    }
  }
}