{
  "arg_aware": {
    "n": 952,
    "accuracy": 0.3897058823529412,
    "macro_f1": 0.3876913419247437,
    "within_1_accuracy": 0.7542016806722689,
    "mae_on_scale": 1.0084033613445378,
    "extreme_macro_f1": 0.5021238995133122,
    "intermediate_macro_f1": 0.4135364733546582,
    "extreme_within_1_accuracy": 0.8254364089775561,
    "intermediate_within_1_accuracy": 0.7023593466424682,
    "per_label": {
      "True": {
        "precision": 0.675,
        "recall": 0.38028169014084506,
        "f1": 0.4864864864864865,
        "support": 142.0
      },
      "Mostly-true": {
        "precision": 0.5059523809523809,
        "recall": 0.4358974358974359,
        "f1": 0.46831955922865015,
        "support": 195.0
      },
      "Half-true": {
        "precision": 0.4508670520231214,
        "recall": 0.40414507772020725,
        "f1": 0.4262295081967213,
        "support": 193.0
      },
      "Barely-true": {
        "precision": 0.5,
        "recall": 0.15950920245398773,
        "f1": 0.24186046511627907,
        "support": 163.0
      },
      "False": {
        "precision": 0.2730263157894737,
        "recall": 0.44148936170212766,
        "f1": 0.33739837398373984,
        "support": 188.0
      },
      "Pants-fire": {
        "precision": 0.2571428571428571,
        "recall": 0.6338028169014085,
        "f1": 0.36585365853658536,
        "support": 71.0
      }
    },
    "labels": [
      "True",
      "Mostly-true",
      "Half-true",
      "Barely-true",
      "False",
      "Pants-fire"
    ],
    "confusion_matrix": [
      [
        54,
        41,
        5,
        0,
        41,
        1
      ],
      [
        19,
        85,
        44,
        6,
        39,
        2
      ],
      [
        7,
        31,
        78,
        12,
        56,
        9
      ],
      [
        0,
        7,
        28,
        26,
        64,
        38
      ],
      [
        0,
        3,
        15,
        7,
        83,
        80
      ],
      [
        0,
        1,
        3,
        1,
        21,
        45
      ]
    ],
    "threeway": {
      "accuracy": 0.6008403361344538,
      "macro_f1": 0.5988783867714224,
      "per_bucket": {
        "true-leaning": {
          "precision": 0.8024193548387096,
          "recall": 0.5905044510385756,
          "f1": 0.6803418803418804,
          "support": 337.0
        },
        "mixed": {
          "precision": 0.64,
          "recall": 0.4044943820224719,
          "f1": 0.49569707401032703,
          "support": 356.0
        },
        "false-leaning": {
          "precision": 0.4780793319415449,
          "recall": 0.8841698841698842,
          "f1": 0.6205962059620597,
          "support": 259.0
        }
      },
      "labels": [
        "true-leaning",
        "mixed",
        "false-leaning"
      ],
      "confusion_matrix": [
        [
          199,
          55,
          83
        ],
        [
          45,
          144,
          167
        ],
        [
          4,
          26,
          229
        ]
      ]
    }
  },
  "flat": {
    "n": 952,
    "accuracy": 0.21953781512605042,
    "macro_f1": 0.12722340617783487,
    "within_1_accuracy": 0.4894957983193277,
    "mae_on_scale": 1.7079831932773109,
    "extreme_macro_f1": 0.27069728087381256,
    "intermediate_macro_f1": 0.09231240719638108,
    "extreme_within_1_accuracy": 0.6209476309226932,
    "intermediate_within_1_accuracy": 0.3938294010889292,
    "per_label": {
      "True": {
        "precision": 0.0,
        "recall": 0.0,
        "f1": 0.0,
        "support": 142.0
      },
      "Mostly-true": {
        "precision": 0.5,
        "recall": 0.010256410256410256,
        "f1": 0.020100502512562814,
        "support": 195.0
      },
      "Half-true": {
        "precision": 0.28,
        "recall": 0.10880829015544041,
        "f1": 0.15671641791044777,
        "support": 193.0
      },
      "Barely-true": {
        "precision": 0.1702127659574468,
        "recall": 0.049079754601226995,
        "f1": 0.0761904761904762,
        "support": 163.0
      },
      "False": {
        "precision": 0.21033210332103322,
        "recall": 0.9095744680851063,
        "f1": 0.34165834165834164,
        "support": 188.0
      },
      "Pants-fire": {
        "precision": 0.5833333333333334,
        "recall": 0.09859154929577464,
        "f1": 0.1686746987951807,
        "support": 71.0
      }
    },
    "labels": [
      "True",
      "Mostly-true",
      "Half-true",
      "Barely-true",
      "False",
      "Pants-fire"
    ],
    "confusion_matrix": [
      [
        0,
        2,
        17,
        9,
        114,
        0
      ],
      [
        0,
        2,
        22,
        14,
        157,
        0
      ],
      [
        0,
        0,
        21,
        11,
        160,
        1
      ],
      [
        1,
        0,
        4,
        8,
        149,
        1
      ],
      [
        0,
        0,
        10,
        4,
        171,
        3
      ],
      [
        0,
        0,
        1,
        1,
        62,
        7
      ]
    ],
    "threeway": {
      "accuracy": 0.30567226890756305,
      "macro_f1": 0.21861057155679095,
      "per_bucket": {
        "true-leaning": {
          "precision": 0.8,
          "recall": 0.011869436201780416,
          "f1": 0.023391812865497075,
          "support": 337.0
        },
        "mixed": {
          "precision": 0.36065573770491804,
          "recall": 0.12359550561797752,
          "f1": 0.18410041841004185,
          "support": 356.0
        },
        "false-leaning": {
          "precision": 0.29454545454545455,
          "recall": 0.9382239382239382,
          "f1": 0.4483394833948339,
          "support": 259.0
        }
      },
      "labels": [
        "true-leaning",
        "mixed",
        "false-leaning"
      ],
      "confusion_matrix": [
        [
          4,
          62,
          271
        ],
        [
          1,
          44,
          311
        ],
        [
          0,
          16,
          243
        ]
      ]
    }
  }
}