{
  "arg_aware": {
    "n": 425,
    "accuracy": 0.42823529411764705,
    "macro_f1": 0.4217166486194282,
    "within_1_accuracy": 0.7952941176470588,
    "mae_on_scale": 0.908235294117647,
    "extreme_macro_f1": 0.5649871077173069,
    "intermediate_macro_f1": 0.41065314415134563,
    "extreme_within_1_accuracy": 0.9086294416243654,
    "intermediate_within_1_accuracy": 0.6973684210526315,
    "per_label": {
      "True": {
        "precision": 0.7380952380952381,
        "recall": 0.4626865671641791,
        "f1": 0.5688073394495413,
        "support": 67.0
      },
      "Mostly-true": {
        "precision": 0.5671641791044776,
        "recall": 0.4810126582278481,
        "f1": 0.5205479452054794,
        "support": 79.0
      },
      "Half-true": {
        "precision": 0.5161290322580645,
        "recall": 0.41025641025641024,
        "f1": 0.45714285714285713,
        "support": 78.0
      },
      "Barely-true": {
        "precision": 0.38095238095238093,
        "recall": 0.11267605633802817,
        "f1": 0.17391304347826086,
        "support": 71.0
      },
      "False": {
        "precision": 0.2711864406779661,
        "recall": 0.4507042253521127,
        "f1": 0.3386243386243386,
        "support": 71.0
      },
      "Pants-fire": {
        "precision": 0.3565217391304348,
        "recall": 0.6949152542372882,
        "f1": 0.47126436781609193,
        "support": 59.0
      }
    },
    "labels": [
      "True",
      "Mostly-true",
      "Half-true",
      "Barely-true",
      "False",
      "Pants-fire"
    ],
    "confusion_matrix": [
      [
        31,
        18,
        1,
        0,
        17,
        0
      ],
      [
        9,
        38,
        18,
        0,
        13,
        1
      ],
      [
        2,
        10,
        32,
        11,
        16,
        7
      ],
      [
        0,
        1,
        11,
        8,
        22,
        29
      ],
      [
        0,
        0,
        0,
        2,
        32,
        37
      ],
      [
        0,
        0,
        0,
        0,
        18,
        41
      ]
    ],
    "threeway": {
      "accuracy": 0.6729411764705883,
      "macro_f1": 0.664219364956964,
      "per_bucket": {
        "true-leaning": {
          "precision": 0.8807339449541285,
          "recall": 0.6575342465753424,
          "f1": 0.7529411764705882,
          "support": 146.0
        },
        "mixed": {
          "precision": 0.7469879518072289,
          "recall": 0.4161073825503356,
          "f1": 0.5344827586206896,
          "support": 149.0
        },
        "false-leaning": {
          "precision": 0.5493562231759657,
          "recall": 0.9846153846153847,
          "f1": 0.7052341597796143,
          "support": 130.0
        }
      },
      "labels": [
        "true-leaning",
        "mixed",
        "false-leaning"
      ],
      "confusion_matrix": [
        [
          96,
          19,
          31
        ],
        [
          13,
          62,
          74
        ],
        [
          0,
          2,
          128
        ]
      ]
    }
  },
  "flat": {
    "n": 425,
    "accuracy": 0.1952941176470588,
    "macro_f1": 0.11381894171326035,
    "within_1_accuracy": 0.5317647058823529,
    "mae_on_scale": 1.6776470588235295,
    "extreme_macro_f1": 0.225,
    "intermediate_macro_f1": 0.09116799042541616,
    "extreme_within_1_accuracy": 0.6446700507614214,
    "intermediate_within_1_accuracy": 0.4342105263157895,
    "per_label": {
      "True": {
        "precision": 0.0,
        "recall": 0.0,
        "f1": 0.0,
        "support": 67.0
      },
      "Mostly-true": {
        "precision": 1.0,
        "recall": 0.012658227848101266,
        "f1": 0.025,
        "support": 79.0
      },
      "Half-true": {
        "precision": 0.22580645161290322,
        "recall": 0.08974358974358974,
        "f1": 0.12844036697247707,
        "support": 78.0
      },
      "Barely-true": {
        "precision": 0.14285714285714285,
        "recall": 0.07042253521126761,
        "f1": 0.09433962264150944,
        "support": 71.0
      },
      "False": {
        "precision": 0.1875,
        "recall": 0.9295774647887324,
        "f1": 0.3120567375886525,
        "support": 71.0
      },
      "Pants-fire": {
        "precision": 0.6666666666666666,
        "recall": 0.06779661016949153,
        "f1": 0.12307692307692308,
        "support": 59.0
      }
    },
    "labels": [
      "True",
      "Mostly-true",
      "Half-true",
      "Barely-true",
      "False",
      "Pants-fire"
    ],
    "confusion_matrix": [
      [
        0,
        0,
        7,
        9,
        51,
        0
      ],
      [
        0,
        1,
        12,
        7,
        59,
        0
      ],
      [
        0,
        0,
        7,
        8,
        62,
        1
      ],
      [
        0,
        0,
        4,
        5,
        62,
        0
      ],
      [
        0,
        0,
        0,
        4,
        66,
        1
      ],
      [
        0,
        0,
        1,
        2,
        52,
        4
      ]
    ],
    "threeway": {
      "accuracy": 0.34823529411764703,
      "macro_f1": 0.24698653892869893,
      "per_bucket": {
        "true-leaning": {
          "precision": 1.0,
          "recall": 0.00684931506849315,
          "f1": 0.013605442176870748,
          "support": 146.0
        },
        "mixed": {
          "precision": 0.36363636363636365,
          "recall": 0.1610738255033557,
          "f1": 0.22325581395348837,
          "support": 149.0
        },
        "false-leaning": {
          "precision": 0.3435754189944134,
          "recall": 0.9461538461538461,
          "f1": 0.5040983606557377,
          "support": 130.0
        }
      },
      "labels": [
        "true-leaning",
        "mixed",
        "false-leaning"
      ],
      "confusion_matrix": [
        [
          1,
          35,
          110
        ],
        [
          0,
          24,
          125
        ],
        [
          0,
          7,
          123
        ]
      ]
    }
  }
}