{
  "qwen14b_zeroshot": {
    "n": 952,
    "accuracy": 0.2342436974789916,
    "macro_f1": 0.2099663234085909,
    "within_1_accuracy": 0.6407563025210085,
    "mae_on_scale": 1.3144058885383807,
    "extreme_macro_f1": 0.25002997248286296,
    "intermediate_macro_f1": 0.2856721867871459,
    "extreme_within_1_accuracy": 0.5561097256857855,
    "intermediate_within_1_accuracy": 0.7023593466424682,
    "per_label": {
      "True": {
        "precision": 0.2765957446808511,
        "recall": 0.18309859154929578,
        "f1": 0.22033898305084745,
        "support": 142.0
      },
      "Mostly-true": {
        "precision": 0.3,
        "recall": 0.15384615384615385,
        "f1": 0.2033898305084746,
        "support": 195.0
      },
      "Half-true": {
        "precision": 0.22631578947368422,
        "recall": 0.22279792746113988,
        "f1": 0.2245430809399478,
        "support": 193.0
      },
      "Barely-true": {
        "precision": 0.19076923076923077,
        "recall": 0.3803680981595092,
        "f1": 0.2540983606557377,
        "support": 163.0
      },
      "False": {
        "precision": 0.24686192468619247,
        "recall": 0.31382978723404253,
        "f1": 0.27634660421545665,
        "support": 188.0
      },
      "Pants-fire": {
        "precision": 1.0,
        "recall": 0.04225352112676056,
        "f1": 0.08108108108108109,
        "support": 71.0
      }
    },
    "labels": [
      "True",
      "Mostly-true",
      "Half-true",
      "Barely-true",
      "False",
      "Pants-fire",
      "UNKNOWN"
    ],
    "confusion_matrix": [
      [
        26,
        25,
        29,
        36,
        26,
        0,
        0
      ],
      [
        27,
        30,
        53,
        56,
        28,
        0,
        1
      ],
      [
        15,
        25,
        43,
        65,
        45,
        0,
        0
      ],
      [
        8,
        11,
        31,
        62,
        51,
        0,
        0
      ],
      [
        14,
        9,
        26,
        80,
        59,
        0,
        0
      ],
      [
        4,
        0,
        8,
        26,
        30,
        3,
        0
      ],
      [
        0,
        0,
        0,
        0,
        0,
        0,
        0
      ]
    ],
    "threeway": {
      "accuracy": 0.421218487394958,
      "macro_f1": 0.41186119720576236,
      "per_bucket": {
        "true-leaning": {
          "precision": 0.5567010309278351,
          "recall": 0.32047477744807124,
          "f1": 0.4067796610169492,
          "support": 337.0
        },
        "mixed": {
          "precision": 0.39029126213592236,
          "recall": 0.5646067415730337,
          "f1": 0.46153846153846156,
          "support": 356.0
        },
        "false-leaning": {
          "precision": 0.38016528925619836,
          "recall": 0.3552123552123552,
          "f1": 0.36726546906187624,
          "support": 259.0
        }
      },
      "labels": [
        "true-leaning",
        "mixed",
        "false-leaning"
      ],
      "confusion_matrix": [
        [
          108,
          174,
          54
        ],
        [
          59,
          201,
          96
        ],
        [
          27,
          140,
          92
        ]
      ]
    }
  }
}